{
    "0": {
        "precision": 0.25,
        "recall": 0.03614457831325301,
        "f1-score": 0.06315789473684211,
        "support": 83.0
    },
    "1": {
        "precision": 0.7222222222222222,
        "recall": 0.9585253456221198,
        "f1-score": 0.8237623762376237,
        "support": 217.0
    },
    "accuracy": 0.7033333333333334,
    "macro avg": {
        "precision": 0.4861111111111111,
        "recall": 0.4973349619676864,
        "f1-score": 0.4434601354872329,
        "support": 300.0
    },
    "weighted avg": {
        "precision": 0.5915740740740741,
        "recall": 0.7033333333333334,
        "f1-score": 0.6133284696890742,
        "support": 300.0
    }
}